dataset,prefix_mode,prefix_patch_size,fold,next_activity_accuracy,suffix_dl_similarity,remaining_time_mae_days,next_time_mae_days,n_test_cases,n_test_pairs,train_time_sec,inference_time_sec
bpi_challenge_2013_incidents,wo_attr,1,1,0.669271,0.321307,11.548548,2.258007,1511,13824,364.785719,102.781053
bpi_challenge_2013_incidents,wo_attr,1,2,0.686279,0.363900,10.320582,2.440192,1511,12849,434.068943,86.936572
bpi_challenge_2013_incidents,wo_attr,1,3,0.689341,0.377366,10.546250,2.565954,1511,12496,443.605924,88.833364
bpi_challenge_2013_incidents,wo_attr,1,4,0.679868,0.367813,14.091787,3.027622,1511,13054,510.949817,94.479058
bpi_challenge_2013_incidents,wo_attr,1,5,0.680165,0.414751,11.923845,2.886271,1510,13310,411.891083,99.670971
bpi_challenge_2013_incidents,wo_attr,1,mean,0.680985,0.369027,11.686202,2.635609,,,,
bpi_challenge_2013_incidents,wo_attr,1,std,0.006885,0.029884,1.343627,0.283594,,,,
