dataset,prefix_mode,prefix_patch_size,fold,next_activity_accuracy,suffix_dl_similarity,remaining_time_mae_days,next_time_mae_days,n_test_cases,n_test_pairs,train_time_sec,inference_time_sec
nasa,wo_attr,4,1,0.896932,0.482673,0.000000,0.000000,514,14602,376.539716,13.627531
nasa,wo_attr,4,2,0.897988,0.480121,0.000000,0.000000,513,14910,369.225170,10.774641
nasa,wo_attr,4,3,0.898260,0.493021,0.000000,0.000000,513,14714,360.464938,12.777692
nasa,wo_attr,4,4,0.898284,0.485859,0.000000,0.000000,513,14688,362.460379,10.381974
nasa,wo_attr,4,5,0.898397,0.499322,0.000000,0.000000,513,14724,360.161893,11.871965
nasa,wo_attr,4,mean,0.897972,0.488199,0.000000,0.000000,,,,
nasa,wo_attr,4,std,0.000537,0.007046,0.000000,0.000000,,,,
