dataset,prefix_mode,prefix_patch_size,fold,next_activity_accuracy,suffix_dl_similarity,remaining_time_mae_days,next_time_mae_days,n_test_cases,n_test_pairs,train_time_sec,inference_time_sec
bpi_challenge_2013_incidents,w_attr,1,1,0.621094,0.484403,10.445468,2.419721,1511,13824,0.000000,71.714585
bpi_challenge_2013_incidents,w_attr,1,2,0.659818,0.491505,9.826435,2.640703,1511,12849,246.226741,61.659809
bpi_challenge_2013_incidents,w_attr,1,3,0.651488,0.497005,10.217612,2.651622,1511,12496,247.377742,61.916411
bpi_challenge_2013_incidents,w_attr,1,4,0.650452,0.528386,12.421385,3.054942,1511,13054,243.538933,63.609705
bpi_challenge_2013_incidents,w_attr,1,5,0.636814,0.541985,10.745418,2.807274,1510,13310,242.610640,60.631711
bpi_challenge_2013_incidents,w_attr,1,mean,0.643933,0.508657,10.731264,2.714852,,,,
bpi_challenge_2013_incidents,w_attr,1,std,0.013596,0.022442,0.896766,0.210143,,,,
