dataset,prefix_mode,prefix_patch_size,fold,next_activity_accuracy,suffix_dl_similarity,remaining_time_mae_days,next_time_mae_days,n_test_cases,n_test_pairs,train_time_sec,inference_time_sec
SEPSIS,wo_attr,1,1,0.550739,0.404198,33.353771,16.684564,210,3114,83.703654,19.149078
SEPSIS,wo_attr,1,2,0.555911,0.449159,33.563977,9.052460,210,3130,79.184181,20.162215
SEPSIS,wo_attr,1,3,0.522130,0.228067,31.163586,2.817666,210,3118,84.305212,23.350455
SEPSIS,wo_attr,1,4,0.573010,0.283497,35.352170,5.535716,210,2890,141.580773,30.680231
SEPSIS,wo_attr,1,5,0.543552,0.367116,33.576643,7.652245,210,2962,209.871682,31.899366
SEPSIS,wo_attr,1,mean,0.549068,0.346407,33.402029,8.348530,,,,
SEPSIS,wo_attr,1,std,0.016607,0.080360,1.332120,4.668451,,,,
