dataset,prefix_mode,prefix_patch_size,fold,next_activity_accuracy,suffix_dl_similarity,remaining_time_mae_days,next_time_mae_days,n_test_cases,n_test_pairs,train_time_sec,inference_time_sec
BPI_Challenge_2012_W,wo_attr,1,1,0.845455,0.284066,7.841540,0.918311,1932,33550,0.000000,181.325808
BPI_Challenge_2012_W,wo_attr,1,2,0.849505,0.272635,7.565689,0.904578,1932,35762,864.444911,201.061936
BPI_Challenge_2012_W,wo_attr,1,3,0.847066,0.245033,7.455642,0.914441,1932,33302,754.537895,188.503065
BPI_Challenge_2012_W,wo_attr,1,4,0.849067,0.249916,7.681778,0.958198,1931,32955,920.545031,184.025957
BPI_Challenge_2012_W,wo_attr,1,5,0.842550,0.262397,7.335925,0.928352,1931,34538,844.757347,183.925350
BPI_Challenge_2012_W,wo_attr,1,mean,0.846729,0.262809,7.576115,0.924776,,,,
BPI_Challenge_2012_W,wo_attr,1,std,0.002545,0.014358,0.175459,0.018365,,,,
