dataset,prefix_mode,prefix_patch_size,fold,next_activity_accuracy,suffix_dl_similarity,remaining_time_mae_days,next_time_mae_days,n_test_cases,n_test_pairs,train_time_sec,inference_time_sec
BPI_Challenge_2012_A,w_attr,1,1,0.800147,0.673633,6.389076,2.169212,2618,12239,230.311237,8.547544
BPI_Challenge_2012_A,w_attr,1,2,0.798534,0.673742,6.556662,2.262194,2618,12141,311.708844,8.422294
BPI_Challenge_2012_A,w_attr,1,3,0.801957,0.677258,6.532660,2.219045,2617,12265,277.296916,8.700542
BPI_Challenge_2012_A,w_attr,1,4,0.797750,0.675720,6.488662,2.313679,2617,12000,204.798061,8.457702
BPI_Challenge_2012_A,w_attr,1,5,0.796460,0.668884,6.452357,2.148693,2617,12204,241.152541,8.734191
BPI_Challenge_2012_A,w_attr,1,mean,0.798970,0.673847,6.483883,2.222565,,,,
BPI_Challenge_2012_A,w_attr,1,std,0.001912,0.002822,0.059466,0.060313,,,,
