dataset,prefix_mode,prefix_patch_size,fold,next_activity_accuracy,suffix_dl_similarity,remaining_time_mae_days,next_time_mae_days,n_test_cases,n_test_pairs,train_time_sec,inference_time_sec
BPI_Challenge_2012_A,wo_attr,1,1,0.799657,0.673005,6.423956,2.294062,2618,12239,443.565932,8.130613
BPI_Challenge_2012_A,wo_attr,1,2,0.798204,0.673657,6.573262,2.361972,2618,12141,445.417303,8.526838
BPI_Challenge_2012_A,wo_attr,1,3,0.801549,0.676747,6.534072,2.233927,2617,12265,446.166732,8.198322
BPI_Challenge_2012_A,wo_attr,1,4,0.797417,0.674777,6.447077,2.234820,2617,12000,450.061520,7.993631
BPI_Challenge_2012_A,wo_attr,1,5,0.796706,0.669283,6.446195,2.245883,2617,12204,423.479955,8.124341
BPI_Challenge_2012_A,wo_attr,1,mean,0.798707,0.673494,6.484912,2.274133,,,,
BPI_Challenge_2012_A,wo_attr,1,std,0.001726,0.002459,0.058084,0.049138,,,,
