dataset,prefix_mode,prefix_patch_size,fold,next_activity_accuracy,suffix_dl_similarity,remaining_time_mae_days,next_time_mae_days,n_test_cases,n_test_pairs,train_time_sec,inference_time_sec
Helpdesk,w_attr,1,1,0.845382,0.915289,5.229606,9.225357,916,4288,106.753617,0.754859
Helpdesk,w_attr,1,2,0.851956,0.920111,5.149153,9.185558,916,4269,107.088458,0.791581
Helpdesk,w_attr,1,3,0.845358,0.920756,5.042793,9.043934,916,4255,108.516329,0.768975
Helpdesk,w_attr,1,4,0.850739,0.921806,5.134999,9.210913,916,4261,109.200770,0.694076
Helpdesk,w_attr,1,5,0.849825,0.921457,5.232285,8.907885,916,4275,107.011482,0.700401
Helpdesk,w_attr,1,mean,0.848652,0.919884,5.157767,9.114729,,,,
Helpdesk,w_attr,1,std,0.002764,0.002370,0.070036,0.121904,,,,
