dataset,prefix_mode,prefix_patch_size,fold,next_activity_accuracy,suffix_dl_similarity,remaining_time_mae_days,next_time_mae_days,n_test_cases,n_test_pairs,train_time_sec,inference_time_sec
SEPSIS,w_attr,1,1,0.577071,0.403960,36.713563,8.292654,210,3114,0.000000,6.790901
SEPSIS,w_attr,1,2,0.584665,0.188619,33.178295,3.199402,210,3130,0.000000,11.357418
SEPSIS,w_attr,1,3,0.551956,0.194405,31.307157,2.673313,210,3118,98.756916,11.040847
SEPSIS,w_attr,1,4,0.587543,0.422737,36.917359,7.538198,210,2890,109.295563,35.408670
SEPSIS,w_attr,1,5,0.546253,0.142619,33.384797,4.279373,210,2962,74.996469,42.315261
SEPSIS,w_attr,1,mean,0.569498,0.270468,34.300234,5.196588,,,,
SEPSIS,w_attr,1,std,0.017094,0.118183,2.178476,2.291974,,,,
